date,latitude,longitude,BEN,CH4,CO,EBE,NMHC,NO,NO_2,NOx,O_3,PM10,PM25,SO_2,TCH,TOL,station
2017-07,40.38815277777777,-3.6515222222222223,,,,,,5.935517873197082,32.393616156211976,,,26.489572239452283,,8.664534716263898,,,28079040
2017-06,40.38815277777777,-3.6515222222222223,,,,,,5.046588722047302,30.928497942994817,,,25.433736972094167,,8.921459449418624,,,28079040
2017-05,40.38815277777777,-3.6515222222222223,,,,,,5.5363460413440695,30.746144255271258,,,17.501120633515626,,9.06370913381829,,,28079040
2017-12,40.38815277777777,-3.6515222222222223,,,,,,36.09656626885508,52.69316808159539,108.00297809357649,,21.139971423346157,,4.202472386282079,,,28079040
2017-11,40.38815277777777,-3.6515222222222223,,,,,,38.103512555856916,60.15541194684991,118.53379829108236,,28.319652902716893,,4.631045811455209,,,28079040
2017-09,40.38815277777777,-3.6515222222222223,,,,,,11.923999058232814,40.37377104586012,,,23.124709103080786,,9.71479856175617,,,28079040
2017-08,40.38815277777777,-3.6515222222222223,,,,,,3.932276926383211,27.079638432192535,,,28.13099826331412,,8.628441902417492,,,28079040
2017-04,40.38815277777777,-3.6515222222222223,,,,,,6.2925590334384,30.86588776187472,,,12.66624937925615,,9.678902932290066,,,28079040
2017-01,40.38815277777777,-3.6515222222222223,,,,,,37.53573352277706,56.3174926158577,,,21.6680828005989,,12.738448906647577,,,28079040
2017-10,40.38815277777777,-3.6515222222222223,,,,,,16.126441059498212,48.07087366165405,72.75650934862928,,26.716185417590168,,3.0440608102871494,,,28079040
2017-03,40.38815277777777,-3.6515222222222223,,,,,,15.902423082852934,43.60174978980498,,,16.33348521030722,,10.549075662471703,,,28079040
2017-02,40.38815277777777,-3.6515222222222223,,,,,,18.858509762154423,44.264453798709646,,,31.029444427589084,,11.082418397288555,,,28079040
2017-07,40.47822777777778,-3.7115416666666654,,,0.277155128950556,,,9.081817649854923,30.82807654048092,,62.05595305857628,,,,,,28079039
2017-06,40.47822777777778,-3.7115416666666654,,,0.27028482230903444,,,8.924714277337358,30.997278830109902,,69.59236862657708,,,,,,28079039
2017-05,40.47822777777778,-3.7115416666666654,,,0.28096624291818545,,,8.827422212067004,28.615946462120014,,65.9243266534995,,,,,,28079039
2017-12,40.47822777777778,-3.7115416666666654,,,0.5276435178221756,,,69.96418748904567,58.87734800164603,166.18538240977173,22.678370786515618,,,,,,28079039
2017-11,40.47822777777778,-3.7115416666666654,,,0.5983991874300274,,,83.67306920575247,65.8646121369885,194.1663927172662,20.472582143620084,,,,,,28079039
2017-09,40.47822777777778,-3.7115416666666654,,,0.3725823552224779,,,18.927725392144744,39.340607518603626,,51.88518933895111,,,,,,28079039
2017-08,40.47822777777778,-3.7115416666666654,,,0.26771969827446374,,,5.335658770404415,21.44303246640493,,66.52359891263416,,,,,,28079039
2017-04,40.47822777777778,-3.7115416666666654,,,0.31364940056974017,,,10.347298344763884,30.023796775286428,,73.83410932891486,,,,,,28079039
2017-01,40.47822777777778,-3.7115416666666654,,,0.587251026836054,,,62.99524414962926,54.499768591182026,,23.964336441833467,,,,,,28079039
2017-10,40.47822777777778,-3.7115416666666654,,,0.458316246369484,,,42.43933958277206,57.328553885201124,122.34192280934882,32.53895913904418,,,,,,28079039
2017-03,40.47822777777778,-3.7115416666666654,,,0.4133351599519509,,,27.264625303906843,41.34977311296448,,52.12649969258943,,,,,,28079039
2017-02,40.47822777777778,-3.7115416666666654,,,0.4101040940282267,,,27.331974576328058,41.99333777089827,,38.92736933253709,,,,,,28079039
2017-07,40.49420833333333,-3.6605027777777774,,,0.25415157220516654,,,4.65332297756689,23.619228743645746,,,28.007490198377926,,4.79739378182804,,,28079057
2017-06,40.49420833333333,-3.6605027777777774,,,0.2572836740101756,,,4.318838747273161,22.963371393082873,,,25.268792766167834,,4.706272985646379,,,28079057
2017-05,40.49420833333333,-3.6605027777777774,,,0.27795658874152457,,,4.854292234772409,21.698519515489632,,,16.096611855583284,,4.0382755520564,,,28079057
2017-12,40.49420833333333,-3.6605027777777774,,,0.4056293591896867,,,34.55400337272898,47.95433532469844,100.91470323815372,,13.187012531036453,,8.92235834853968,,,28079057
2017-11,40.49420833333333,-3.6605027777777774,,,0.43496842581814754,,,42.395515290807026,55.632784884597214,120.65270715261008,,18.784422809462864,,13.282081869674881,,,28079057
2017-09,40.49420833333333,-3.6605027777777774,,,0.3209255368223769,,,7.70907661607808,29.752960578771773,,,16.94443292556741,,9.063591885041308,,,28079057
2017-08,40.49420833333333,-3.6605027777777774,,,0.2539927403895955,,,3.2479745077912443,19.784545082172375,,,29.25671484581154,,6.967996425132497,,,28079057
2017-04,40.49420833333333,-3.6605027777777774,,,0.3142105685242536,,,5.313599806495292,22.53734050916889,,,16.54165937308567,,3.3229122573624847,,,28079057
2017-01,40.49420833333333,-3.6605027777777774,,,0.4832678190308166,,,37.943451130189835,49.46204097267018,,,13.317844014491842,,15.324812878035013,,,28079057
2017-10,40.49420833333333,-3.6605027777777774,,,0.3245432804625807,,,16.70608647015743,40.61367949157282,66.21429977364447,,21.248171338292742,,9.047660338962505,,,28079057
2017-03,40.49420833333333,-3.6605027777777774,,,0.3645512625047072,,,12.894110512346971,34.977981583057314,,,15.211991765038805,,15.1228392533208,,,28079057
2017-02,40.49420833333333,-3.6605027777777774,,,0.3767057696132334,,,17.511736950927535,36.62819931316418,,,21.317112680620244,,15.59748590682318,,,28079057
2017-07,40.414444444444435,-3.682583333333333,,,,,,2.515163927885005,20.834954968376806,,56.36257241500283,,,,,,28079049
2017-06,40.414444444444435,-3.682583333333333,,,,,,2.0273758411869145,19.958387684761544,,66.95337727519906,,,,,,28079049
2017-05,40.414444444444435,-3.682583333333333,,,,,,2.289765346127373,19.322347709149714,,65.35790168050353,,,,,,28079049
2017-12,40.414444444444435,-3.682583333333333,,,,,,29.94499385570591,44.40709334553813,90.28972385215138,22.16189574367178,,,,,,28079049
2017-11,40.414444444444435,-3.682583333333333,,,,,,35.42091838139025,52.5714678379699,106.87400704759602,21.657170971977667,,,,,,28079049
2017-09,40.414444444444435,-3.682583333333333,,,,,,7.50358589828572,29.633633669980934,,46.44582121633052,,,,,,28079049
2017-08,40.414444444444435,-3.682583333333333,,,,,,2.083855111474873,16.755690795252537,,58.121774240736634,,,,,,28079049
2017-04,40.414444444444435,-3.682583333333333,,,,,,3.1695342707429757,21.68048475967293,,69.32194472999564,,,,,,28079049
2017-01,40.414444444444435,-3.682583333333333,,,,,,31.559078407695278,45.451090661347955,,25.80593257757136,,,,,,28079049
2017-10,40.414444444444435,-3.682583333333333,,,,,,11.622606780556529,39.56528654798027,57.32718548351816,36.14595247340633,,,,,,28079049
2017-03,40.414444444444435,-3.682583333333333,,,,,,10.589525691698764,31.25630282761062,,49.00817269686624,,,,,,28079049
2017-02,40.414444444444435,-3.682583333333333,,,,,,10.682521484281965,34.58190722239526,,38.05796905096779,,,,,,28079049
2017-07,40.50058888888889,-3.6897611111111113,,,,,,3.4571840471535857,23.53106464020627,,75.77429925682695,25.82234185734025,,,,,28079060
2017-06,40.50058888888889,-3.6897611111111113,,,,,,2.9749652294848303,23.56186402942547,,81.98887893263723,27.69966050156453,,,,,28079060
2017-05,40.50058888888889,-3.6897611111111113,,,,,,3.560461540916095,22.698450358822583,,76.82352056042296,17.355874904394042,,,,,28079060
2017-12,40.50058888888889,-3.6897611111111113,,,,,,33.58482596460846,47.356651540868704,98.82382606569192,31.216758254908832,13.51725002716972,,,,,28079060
2017-11,40.50058888888889,-3.6897611111111113,,,,,,36.69570164976145,54.110649947509636,110.3781657660589,29.316040614157068,15.36194319075384,,,,,28079060
2017-09,40.50058888888889,-3.6897611111111113,,,,,,6.214495376902301,31.45645273337549,,65.10692276821996,15.191509947392365,,,,,28079060
2017-08,40.50058888888889,-3.6897611111111113,,,,,,2.454593332233409,19.492017725389534,,79.84098223737251,26.784773831122923,,,,,28079060
2017-04,40.50058888888889,-3.6897611111111113,,,,,,3.8824344307801137,24.789353900625304,,74.81768313321183,18.52014098256266,,,,,28079060
2017-01,40.50058888888889,-3.6897611111111113,,,,,,35.81198927477185,54.70677987743154,,32.61069969356142,12.75229147936809,,,,,28079060
2017-10,40.50058888888889,-3.6897611111111113,,,,,,12.140393341813073,41.21923193549434,59.82941711575948,45.52886758626398,19.20575702605215,,,,,28079060
2017-03,40.50058888888889,-3.6897611111111113,,,,,,11.427537118510074,36.03674346603172,,55.33518029749153,16.754756800342804,,,,,28079060
2017-02,40.50058888888889,-3.6897611111111113,,,,,,16.05683217190985,39.047772482817514,,44.404416745696665,23.276031879738696,,,,,28079060
2017-07,40.44554444444445,-3.7071277777777785,0.35440813460028736,,,0.46198740231080976,,9.373408731826313,33.0109601908513,,,19.371859926603268,7.933875592486751,2.3955973805584896,,1.5784373353618535,28079038
2017-06,40.44554444444445,-3.7071277777777785,0.3350810492333653,,,0.49378191486893885,,10.630706899681474,34.87612901098635,,,19.96554047633639,8.835313021018234,2.5470487666774755,,1.6756651879981939,28079038
2017-05,40.44554444444445,-3.7071277777777785,0.3717229870737587,,,0.474595951869648,,10.898632294033776,32.413338724017756,,,14.762092574170934,7.081935748142369,2.587869617654903,,1.472295995781129,28079038
2017-12,40.44554444444445,-3.7071277777777785,0.956225811071802,,,0.658685207289575,,52.70243871297605,59.57667262513196,140.34691011236947,,14.121072034642419,10.946481863855823,6.6149770173646765,,3.6652566827469375,28079038
2017-11,40.44554444444445,-3.7071277777777785,1.3596428811224146,,,1.1747233498108012,,65.70233141113647,72.04719444552663,172.7551441121618,,17.816739951108975,11.678003438180378,7.245850901835409,,6.728430617406302,28079038
2017-09,40.44554444444445,-3.7071277777777785,0.44312650041948715,,,0.6527547804912526,,16.03808759421475,42.334329080258094,,,16.101910002679215,8.269594588758558,2.890768359656396,,2.412819905442885,28079038
2017-08,40.44554444444445,-3.7071277777777785,0.2717810175662412,,,0.4684437010783083,,5.568962490491114,25.475100942133967,,,20.76740258980405,8.541225349640644,2.4023640938615487,,1.4735249962983346,28079038
2017-04,40.44554444444445,-3.7071277777777785,0.46110194979773217,,,0.5776233420533878,,12.218963536310936,33.74160972365511,,,16.31923219792852,7.584110090792213,2.868416278647862,,2.0419258973925407,28079038
2017-01,40.44554444444445,-3.7071277777777785,1.1505121909986948,,,1.1505494515405745,,57.21362492618787,59.35299155757304,,,21.018391872040716,14.054761436118216,7.400417067864137,,4.763699063467026,28079038
2017-10,40.44554444444445,-3.7071277777777785,0.7223827151990293,,,0.8731639041623303,,34.16917315233608,57.85171747909613,110.21255033811013,,18.194903990038835,9.050985178437863,3.570308385511678,,4.14124831215574,28079038
2017-03,40.44554444444445,-3.7071277777777785,0.5788655204405415,,,0.8161902523526617,,24.109118571758813,43.16192766213778,,,15.616229330269041,8.682564004341668,4.205375383044208,,2.3139154213771516,28079038
2017-02,40.44554444444445,-3.7071277777777785,0.5326159012839409,,,0.6870659556101055,,28.544464089010848,45.628041950925045,,,24.787644287287225,11.577260230859833,4.751983647791542,,1.9814341959876471,28079038
2017-07,40.44004722222222,-3.6392333333333333,,,0.21841855098431806,,,6.70796205959075,32.8555104559629,,77.60656319512512,,,,,,28079016
2017-06,40.44004722222222,-3.6392333333333333,,,0.21992941868967464,,,5.52333335165726,32.00026936841989,,80.13990632009089,,,,,,28079016
2017-05,40.44004722222222,-3.6392333333333333,,,0.23147160546622017,,,5.552485725990861,27.878167242097685,,69.97341630455622,,,,,,28079016
2017-12,40.44004722222222,-3.6392333333333333,,,0.4583357783931539,,,39.855638129803545,54.458072444270655,115.5812510972244,22.752589384982446,,,,,,28079016
2017-11,40.44004722222222,-3.6392333333333333,,,0.4715162195319823,,,45.551078298276465,59.450180586796016,129.29799842781924,24.28814648780568,,,,,,28079016
2017-09,40.44004722222222,-3.6392333333333333,,,0.2901251795707436,,,12.139137816903434,39.21397825735214,,57.413716899286094,,,,,,28079016
2017-08,40.44004722222222,-3.6392333333333333,,,0.21458993170420318,,,4.463019805404069,27.343634129354538,,74.28395725053754,,,,,,28079016
2017-04,40.44004722222222,-3.6392333333333333,,,0.24783213942473442,,,6.279620905189841,27.676191680373062,,71.91576464896288,,,,,,28079016
2017-01,40.44004722222222,-3.6392333333333333,,,0.4788588154672959,,,33.45335915182751,52.04830858766683,,27.8482441427533,,,,,,28079016
2017-10,40.44004722222222,-3.6392333333333333,,,0.3325380634125725,,,22.811059746061957,48.394955819553324,83.3827023231929,40.03206741177656,,,,,,28079016
2017-03,40.44004722222222,-3.6392333333333333,,,0.3376105915055098,,,19.038695811776968,42.528037706349075,,49.98859801714962,,,,,,28079016
2017-02,40.44004722222222,-3.6392333333333333,,,0.3415249568387203,,,19.828979223980173,44.24570725070328,,34.224846796187435,,,,,,28079016
2017-07,40.347138888888885,-3.713322222222221,,,,,,8.484031110979107,37.54095964248441,,58.429436266811244,,,1.4053803882347575,,,28079017
2017-06,40.347138888888885,-3.713322222222221,,,,,,3.885780673757262,24.516207187398894,,64.36714035193091,,,2.135723199217166,,,28079017
2017-05,40.347138888888885,-3.713322222222221,,,,,,7.871086663939255,30.731060384416153,,58.41223829712539,,,1.9333170194544789,,,28079017
2017-12,40.347138888888885,-3.713322222222221,,,,,,87.21654014546884,60.60704653180472,194.3433894212115,18.635358204903962,,,5.48492241461368,,,28079017
2017-11,40.347138888888885,-3.713322222222221,,,,,,104.14054984144218,77.93591230685591,237.6023352593046,16.630552974868554,,,6.007003578753239,,,28079017
2017-09,40.347138888888885,-3.713322222222221,,,,,,22.023424057358557,48.790194989764046,,47.55487694260455,,,3.0286355115530053,,,28079017
2017-08,40.347138888888885,-3.713322222222221,,,,,,6.689539789020807,33.379026380621546,,62.34917824955199,,,1.990653211263042,,,28079017
2017-04,40.347138888888885,-3.713322222222221,,,,,,8.647132875591844,30.50916127472428,,71.83095207990536,,,4.445770955174026,,,28079017
2017-01,40.347138888888885,-3.713322222222221,,,,,,77.450419580436,66.02842201277915,,22.059639330701607,,,12.977782034093671,,,28079017
2017-10,40.347138888888885,-3.713322222222221,,,,,,53.034601129494156,60.94295639408687,142.09184460582063,25.882864575291325,,,3.3908415301721484,,,28079017
2017-03,40.347138888888885,-3.713322222222221,,,,,,36.29894828678781,47.16073071993147,,41.27382845955682,,,13.08420089478142,,,28079017
2017-02,40.347138888888885,-3.713322222222221,,,,,,38.83068748785394,49.027744561541446,,31.643769398042604,,,12.59755659360429,,,28079017
2017-07,40.43989722222222,-3.690366666666667,,,,,,5.767270402399843,29.16134068671749,,,16.34426696492736,8.128022872456548,,,,28079048
2017-06,40.43989722222222,-3.690366666666667,,,,,,5.930346668508914,31.262700956303075,,,18.183149474339714,9.499157732876181,,,,28079048
2017-05,40.43989722222222,-3.690366666666667,,,,,,6.448672458093047,27.733002090669522,,,12.496534947293114,6.944124457671476,,,,28079048
2017-12,40.43989722222222,-3.690366666666667,,,,,,35.30334239463486,54.36764213024282,108.49452332442748,,12.330847746671605,9.588089247051867,,,,28079048
2017-11,40.43989722222222,-3.690366666666667,,,,,,41.34776561651531,60.91854629014661,124.37001874588105,,15.588921811696773,9.698119368689715,,,,28079048
2017-09,40.43989722222222,-3.690366666666667,,,,,,11.305013001152249,35.28705327448609,,,12.740259359445352,7.328443770022138,,,,28079048
2017-08,40.43989722222222,-3.690366666666667,,,,,,4.18152027620107,23.686030278465687,,,16.680245437750212,8.424625699071559,,,,28079048
2017-04,40.43989722222222,-3.690366666666667,,,,,,6.215335308701258,26.976597931917,,,13.29587332302475,7.095793847562812,,,,28079048
2017-01,40.43989722222222,-3.690366666666667,,,,,,34.93330106022259,48.78590693641738,,,15.80962356737388,11.019144691694194,,,,28079048
2017-10,40.43989722222222,-3.690366666666667,,,,,,21.167467034712462,48.04959900537778,80.53837700720798,,15.220308803493776,7.8854317313577775,,,,28079048
2017-03,40.43989722222222,-3.690366666666667,,,,,,17.893227434982368,41.13499380250517,,,16.252842072784198,8.69513463889967,,,,28079048
2017-02,40.43989722222222,-3.690366666666667,,,,,,18.373062109277466,40.91652143619287,,,22.121946478325583,10.836222936009532,,,,28079048
2017-07,40.372933333333336,-3.612116666666666,,,,,,8.10170923347748,31.298615270861685,,66.19039041594927,,,,,,28079054
2017-06,40.372933333333336,-3.612116666666666,,,,,,6.964877657266721,27.91852979820377,,75.0089936066171,,,,,,28079054
2017-05,40.372933333333336,-3.612116666666666,,,,,,9.599814720948018,25.073508970998887,,68.86638188307619,,,,,,28079054
2017-12,40.372933333333336,-3.612116666666666,,,,,,50.62219101125291,49.989593973450866,127.58861082740944,25.25459652706607,,,,,,28079054
2017-11,40.372933333333336,-3.612116666666666,,,,,,59.617661772264775,65.56882912698778,156.98934620445758,25.46500370282997,,,,,,28079054
2017-09,40.372933333333336,-3.612116666666666,,,,,,17.52481212928624,40.63192730352738,,54.72408409199859,,,,,,28079054
2017-08,40.372933333333336,-3.612116666666666,,,,,,6.994421109349764,26.72406112233945,,69.49602805175962,,,,,,28079054
2017-04,40.372933333333336,-3.612116666666666,,,,,,11.98725172753362,25.025969313997333,,69.71875188969716,,,,,,28079054
2017-01,40.372933333333336,-3.612116666666666,,,,,,44.501476228736045,48.15477792732987,,26.60654647593271,,,,,,28079054
2017-10,40.372933333333336,-3.612116666666666,,,,,,28.61464312505596,51.21663894068918,95.14098003354148,36.858617185954,,,,,,28079054
2017-03,40.372933333333336,-3.612116666666666,,,,,,25.372243708090487,36.27017379601949,,48.12816857201832,,,,,,28079054
2017-02,40.372933333333336,-3.612116666666666,,,,,,25.603912513328712,35.6735095397755,,39.03749933730887,,,,,,28079054
2017-07,40.38496388888889,-3.7187277777777785,,,0.2200407686026964,,,17.261222441464973,50.363412934413496,,56.90280829240788,,,,,,28079056
2017-06,40.38496388888889,-3.7187277777777785,,,0.11846815170530017,,,15.902704600246368,42.26499019515868,,66.57308718975797,,,,,,28079056
2017-05,40.38496388888889,-3.7187277777777785,,,0.21987570422476896,,,12.502343972719169,41.437337963084914,,67.07867292166229,,,,,,28079056
2017-12,40.38496388888889,-3.7187277777777785,,,0.5040728015004035,,,87.90118577077577,72.2586033546426,207.02255571106082,18.25098016267514,,,,,,28079056
2017-11,40.38496388888889,-3.7187277777777785,,,0.6082256381851118,,,103.88054335457488,86.08225082048118,245.34870565729895,13.698978049220134,,,,,,28079056
2017-09,40.38496388888889,-3.7187277777777785,,,0.34070267284702144,,,32.580541705403625,59.895439977591074,,44.963665892060625,,,,,,28079056
2017-08,40.38496388888889,-3.7187277777777785,,,0.22879417836648813,,,18.18369073143421,45.74859957763308,,58.90665978645461,,,,,,28079056
2017-04,40.38496388888889,-3.7187277777777785,,,0.30171571879580766,,,18.761564975559747,43.41017113144535,,66.76841242933372,,,,,,28079056
2017-01,40.38496388888889,-3.7187277777777785,,,0.5983529166795968,,,76.59390448631314,68.13443142966355,,23.931412551398456,,,,,,28079056
2017-10,40.38496388888889,-3.7187277777777785,,,0.46698081601120667,,,71.114225525203,79.56855287028107,188.19032977091035,23.126689683415247,,,,,,28079056
2017-03,40.38496388888889,-3.7187277777777785,,,0.38555318089227103,,,35.470180179707455,48.78230547030031,,48.05700636772865,,,,,,28079056
2017-02,40.38496388888889,-3.7187277777777785,,,0.44820191189654396,,,46.60100846474562,53.77886229626508,,36.30188556988049,,,,,,28079056
2017-07,40.47692777777778,-3.580030555555555,,,,,,7.982482085763498,30.71253703872014,,68.08812154548772,,,,,,28079027
2017-06,40.47692777777778,-3.580030555555555,,,,,,5.680919370887965,27.33146058151455,,75.53967686784456,,,,,,28079027
2017-05,40.47692777777778,-3.580030555555555,,,,,,6.521467823534565,27.419717096071285,,67.0981583809047,,,,,,28079027
2017-12,40.47692777777778,-3.580030555555555,,,,,,41.65687656600884,52.60769554046664,116.4730315620579,23.24356976044977,,,,,,28079027
2017-11,40.47692777777778,-3.580030555555555,,,,,,45.62345594178242,57.81156305145801,127.72327068229563,23.465072811927865,,,,,,28079027
2017-09,40.47692777777778,-3.580030555555555,,,,,,11.204644412194787,37.51088534108637,,47.30769230768581,,,,,,28079027
2017-08,40.47692777777778,-3.580030555555555,,,,,,5.936998281722634,27.68299118519405,,62.59976380339842,,,,,,28079027
2017-04,40.47692777777778,-3.580030555555555,,,,,,6.990385196831438,27.748624297038223,,68.07594068868286,,,,,,28079027
2017-01,40.47692777777778,-3.580030555555555,,,,,,37.40324185148759,50.35231063044959,,23.692071986761256,,,,,,28079027
2017-10,40.47692777777778,-3.580030555555555,,,,,,21.80497183197838,49.85214199460519,83.23903521142927,32.72187141470403,,,,,,28079027
2017-03,40.47692777777778,-3.580030555555555,,,,,,16.547550524263723,39.73268822582301,,45.47285601050684,,,,,,28079027
2017-02,40.47692777777778,-3.580030555555555,,,,,,21.72400346365667,39.61697189612075,,34.888237046390685,,,,,,28079027
2017-07,40.451475,-3.6773555555555553,0.28197869002197384,,,0.18165228401755262,,10.709217518982015,34.92069858868212,,,,,,,1.4750773878512087,28079011
2017-06,40.451475,-3.6773555555555553,0.31274325086172833,,,0.17641644468772147,,12.115861401711841,38.415613472826905,,,,,,,1.3432677925484342,28079011
2017-05,40.451475,-3.6773555555555553,0.27566097879596546,,,0.21551992789346355,,10.982051186573642,33.71294665894718,,,,,,,1.3507786166090496,28079011
2017-12,40.451475,-3.6773555555555553,0.7925198362518436,,,0.2859299657822734,,44.7587549673202,58.909069630124606,127.54910388928593,,,,,,2.52870769167377,28079011
2017-11,40.451475,-3.6773555555555553,1.0032587106498956,,,0.4762734384324221,,54.10666989178233,68.52488359437604,151.46628771849888,,,,,,4.314340449312236,28079011
2017-09,40.451475,-3.6773555555555553,0.5281465851324462,,,0.27967709062422763,,19.518776077901457,42.742335369185064,,,,,,,2.5372074777940132,28079011
2017-08,40.451475,-3.6773555555555553,0.23273066665496087,,,0.1465897049301548,,6.431520846177429,27.615752671497116,,,,,,,1.3433316347239386,28079011
2017-04,40.451475,-3.6773555555555553,0.29767716929671145,,,0.19868779333789005,,10.272947165313035,32.61500656929745,,,,,,,1.1131305566836842,28079011
2017-01,40.451475,-3.6773555555555553,2.1509897360867307,,,0.48376885792300495,,43.8321153454714,54.97103399848133,,,,,,,4.334029717468984,28079011
2017-10,40.451475,-3.6773555555555553,0.7436718095602761,,,0.42366860005636864,,33.71966432939312,58.10709501667215,109.78614469018757,,,,,,3.6193574399633004,28079011
2017-03,40.451475,-3.6773555555555553,0.5066079785927516,,,0.23499210276412388,,21.70027503073069,42.78031056661243,,,,,,,1.6338119348601097,28079011
2017-02,40.451475,-3.6773555555555553,0.9531972773956369,,,0.3319090255219836,,22.29681379334829,43.382439047382135,,,,,,,2.4406550277382495,28079011
2017-07,40.423852777777775,-3.712247222222224,,,0.3348193232034563,,,14.691736842945883,40.71281366536788,,,,,5.18435569930686,,,28079004
2017-06,40.423852777777775,-3.712247222222224,,,0.3454452083873873,,,13.182505346144913,43.25992402712193,,,,,4.900625044665898,,,28079004
2017-05,40.423852777777775,-3.712247222222224,,,0.3728538912299617,,,14.8924631652142,39.10838976695481,,,,,4.557338851680388,,,28079004
2017-12,40.423852777777775,-3.712247222222224,,,0.5660112410826443,,,64.01679009194869,52.857507660884956,151.01359805927842,,,,3.629213483146763,,,28079004
2017-11,40.423852777777775,-3.712247222222224,,,0.6612043564116241,,,84.51513135835262,65.26817549627798,194.86551919391403,,,,4.540545443551442,,,28079004
2017-09,40.423852777777775,-3.712247222222224,,,0.44037848944448427,,,29.26255409946869,50.559942639463905,,,,,6.3488886393285044,,,28079004
2017-08,40.423852777777775,-3.712247222222224,,,0.3274300936462133,,,10.004507950357935,34.77785816501903,,,,,5.408666925560833,,,28079004
2017-04,40.423852777777775,-3.712247222222224,,,0.415242411571831,,,21.411397032551406,41.09417449576694,,,,,4.650755605886767,,,28079004
2017-01,40.423852777777775,-3.712247222222224,,,0.5095638397303439,,,68.2599591419995,56.29436925434996,,,,,7.649897854955115,,,28079004
2017-10,40.423852777777775,-3.712247222222224,,,0.5604989372772862,,,58.531107198168186,62.22400374511363,151.84679671670548,,,,4.225057054246223,,,28079004
2017-03,40.423852777777775,-3.712247222222224,,,0.35478379921498354,,,35.266743321638714,44.7253986577607,,,,,5.468465702476305,,,28079004
2017-02,40.423852777777775,-3.712247222222224,,,0.387633942214329,,,42.056758960604306,50.50300208442253,,,,,5.9093029694341315,,,28079004
2017-07,40.398113888888886,-3.686825,,,,,,6.1374940817845305,30.231227956321465,,,16.88778913754029,9.455029551173222,,,,28079047
2017-06,40.398113888888886,-3.686825,,,,,,4.102316018625507,28.337969401954314,,,21.419379918625037,12.78405998669636,,,,28079047
2017-05,40.398113888888886,-3.686825,,,,,,5.38974566308088,29.248921422086394,,,14.44319632497246,8.782965123823734,,,,28079047
2017-12,40.398113888888886,-3.686825,,,,,,50.848908654706584,54.31482240038317,132.29837907429217,,18.005172918252974,13.64107905670464,,,,28079047
2017-11,40.398113888888886,-3.686825,,,,,,68.24720324123825,65.3636033797599,170.01614011559747,,23.069210033009256,14.341229805484359,,,,28079047
2017-09,40.398113888888886,-3.686825,,,,,,14.204312407684137,41.00341226169697,,,16.117934674627417,9.386397601915313,,,,28079047
2017-08,40.398113888888886,-3.686825,,,,,,4.414428207408163,26.002677958720938,,,18.5922105280761,10.542972505287732,,,,28079047
2017-04,40.398113888888886,-3.686825,,,,,,7.135019542953406,32.13348579219974,,,15.455212985599571,8.679618863328038,,,,28079047
2017-01,40.398113888888886,-3.686825,,,,,,51.26178456105426,58.673154980088604,,,20.346825721922375,15.295314902197967,,,,28079047
2017-10,40.398113888888886,-3.686825,,,,,,36.140361423377264,54.8296831029186,110.19818171184724,,19.59097429130156,11.029627393125715,,,,28079047
2017-03,40.398113888888886,-3.686825,,,,,,21.328962277706484,41.92882183648973,,,15.237685364551085,10.213519291288963,,,,28079047
2017-02,40.398113888888886,-3.686825,,,,,,25.329853972895044,45.54478302104263,,,21.71611296756914,13.10248354638857,,,,28079047
2017-07,40.41935555555556,-3.7473472222222224,0.2100514302182528,,0.14066943884780284,0.1453052912270151,0.08014453759132588,2.921235882730859,15.381617095528552,,78.18009990477759,22.888277793947594,10.338120595537207,3.213598327472677,1.2820083070187716,1.3110204550228393,28079024
2017-06,40.41935555555556,-3.7473472222222224,0.16705781312504056,,0.165459749415129,0.12645888364662705,0.13348565755526265,2.4371551923136905,13.515724055320538,,88.4250109585806,23.27024237182233,10.814741820215314,3.2935407830166152,1.1648267645462573,0.999470095894477,28079024
2017-05,40.41935555555556,-3.7473472222222224,0.17398211188824197,,0.20964257021020172,0.11253559675071247,0.1570132833678252,2.4564201320354275,14.530137940944487,,79.24410742147758,15.937670849251706,7.6233472381287,3.055404061091904,0.9065950005159394,0.944375096228245,28079024
2017-12,40.41935555555556,-3.7473472222222224,0.693773018016109,1.2126767785874046,0.3014858093549368,0.2668709217162886,0.04006997592158476,23.580873395437703,34.71562780949483,70.89713744621753,32.90361581302285,15.529806140960234,11.781839612783928,4.399081812330101,1.2520504619710044,2.518238134934217,28079024
2017-11,40.41935555555556,-3.7473472222222224,0.6918559218997246,1.2317288038731449,0.3264616851633479,0.4291661251894792,0.07550327142632973,29.314140806927792,45.18221634447018,90.12045655615289,28.34004415313133,19.993756859593528,11.50161882979017,4.485572159344657,1.3068079866590123,4.691665726028408,28079024
2017-09,40.41935555555556,-3.7473472222222224,0.24593854884175573,,0.21733248744901296,0.1315759488853118,0.08757100385135272,4.199481053504327,21.400495857780417,,66.82113230543418,16.90002583737902,7.802114738378953,3.1909767078781686,1.2910853613487725,1.332302926244616,28079024
2017-08,40.41935555555556,-3.7473472222222224,0.20170913076723102,,0.15881455110405504,0.13566504949759728,0.08141026409507245,2.2297331084850467,14.171997935942967,,81.54399693582619,26.087331031657637,11.914728772894719,3.198240228961719,1.287465612363331,1.2837051998215547,28079024
2017-04,40.41935555555556,-3.7473472222222224,0.24939329296081708,,0.2231843790320263,0.11705368788705055,0.10072866893434089,2.9897090271394906,16.45865744584195,,78.59805285117999,17.07956184832275,8.123627536519672,3.015860537840484,1.1871524485926352,0.8964783865130898,28079024
2017-01,40.41935555555556,-3.7473472222222224,0.47520893826000893,,0.4673688898333898,0.16344652655817787,0.10582290608716487,20.77749642247412,33.39252788875882,,30.85385941390255,18.350373795690274,13.639584340407582,3.338802349336072,1.3403581536857134,1.382122317801145,28079024
2017-10,40.41935555555556,-3.7473472222222224,0.29984901895793536,1.211841028271257,0.2365959011679436,0.196084724028539,0.10332018852674514,9.577822165069698,36.03337863270381,50.67485399320425,40.41862989209413,21.259062372470453,9.533451684953254,3.4356444070881103,1.3145335442873196,1.9338975943779826,28079024
2017-03,40.41935555555556,-3.7473472222222224,0.2422080930596911,,0.21829136011734032,0.13186778660080786,0.08794806892888969,6.853457795057552,21.6406133511933,,56.41203614689247,13.858410028905455,8.39934779948836,2.7581857547917763,1.2595991218411482,0.9172092942244164,28079024
2017-02,40.41935555555556,-3.7473472222222224,0.3254142599714208,,0.25834310636542457,0.14233263225884082,0.09036816042471525,8.998704075681419,25.432826941092365,,42.162143694442726,25.15185456026705,12.458053706807005,2.8413140672584363,1.2694907771018165,1.1671701139966388,28079024
2017-07,40.42156388888888,-3.682319444444445,0.5206904617437379,,0.22876119635668246,0.36963209999079144,0.1246123240451305,16.979891370847337,55.073901872030554,,53.1813074864671,21.456191535075277,11.220902334836003,10.319205868740658,1.4594534451871635,2.460118871931811,28079008
2017-06,40.42156388888888,-3.682319444444445,0.5413918001287683,,0.3025581426104592,0.41098489569435015,0.11229641684939994,13.64748156240443,57.027198356470464,,59.28502943596265,26.361228043865108,11.673822337789025,8.02646878428468,1.4513572216034987,2.2819248281063897,28079008
2017-05,40.42156388888888,-3.682319444444445,0.5577715650248929,,0.3721323810276526,0.305167922636635,0.1135646308153778,14.768851839839291,52.80094585034822,,56.83782376330267,19.257629081673112,8.703005578891867,6.105527745120572,1.4974289447066276,2.104813621882498,28079008
2017-12,40.42156388888888,-3.682319444444445,1.1755448388289573,1.5075018938655442,0.5173035350550595,0.6447840325760483,0.08353619259777965,60.87780898877822,70.73595505618763,164.09129213486102,20.92530643513582,13.86920575474869,10.617661099324087,6.909634169700067,1.5903528623705543,3.8221128019993613,28079008
2017-11,40.42156388888888,-3.682319444444445,1.3491423803037577,1.4538356669165085,0.561619404502803,0.8129959671719362,0.12023195515282273,67.97372833374462,78.22833096034084,182.45402320973162,20.690215329808392,16.288967282342785,11.000592453445922,8.095400396907596,1.5735292729295247,5.895143434920117,28079008
2017-09,40.42156388888888,-3.682319444444445,0.7463437026085867,,0.3703024140144317,0.4520895731564712,0.12298888182063283,24.295631027969883,60.42803215458984,,46.01587709012238,14.44435408296842,8.976000527374179,12.169309253972033,1.4069698489654798,3.256128046101888,28079008
2017-08,40.42156388888888,-3.682319444444445,0.4351613035570627,,0.24805909727905076,0.29147672739336344,0.10980864920053166,9.373461929261143,43.58179903075709,,55.425244309196835,19.19030621201876,9.620917382109369,11.809675548864504,1.444396978188093,2.2472175087377098,28079008
2017-04,40.42156388888888,-3.682319444444445,0.5886255119441016,,0.46669617483873993,0.31324028659028935,0.14205115762240117,13.539698857110853,50.59047205441088,,60.66998410393794,18.81363176945485,8.283701483254763,4.947368710385091,1.6663766167519691,2.2754022692840032,28079008
2017-01,40.42156388888888,-3.682319444444445,1.1594859000705087,,0.4930705088055878,0.46285725482707435,0.20470095038990424,59.83719989999378,68.73671527139348,,21.621734342662545,19.943985384386718,13.739472418272328,10.626915772507159,1.949143362813835,4.038777743927726,28079008
2017-10,40.42156388888888,-3.682319444444445,1.0363197636432682,1.3035128876893194,0.460976391593059,0.9673047771409452,0.13587735876498386,43.01776262246163,69.8733635140318,135.71687262947492,35.34418206288118,15.758566496415645,9.452563470239477,5.95139882646557,1.438710654402034,4.986504901068599,28079008
2017-03,40.42156388888888,-3.682319444444445,0.8842650187461017,,0.3653994840525045,0.44862245504382453,0.16740330558229177,31.35259789658262,60.750833869750174,,42.13115294793098,18.935925213532094,9.829160248143756,7.193466139454976,1.746728192259444,3.419298445967254,28079008
2017-02,40.42156388888888,-3.682319444444445,0.870525500396261,,0.449154416589119,0.3201464442639339,0.15910298461545963,33.4237849236898,59.36449638614361,,31.362652639265004,24.98146828225298,11.86067517657034,7.194185843962525,1.7501483256278398,2.620191797414307,28079008
2017-07,40.46557222222223,-3.688769444444445,,,,,,14.662914474491348,35.6854648657653,,,13.66475510562451,7.867283047575199,,,,28079050
2017-06,40.46557222222223,-3.688769444444445,,,,,,15.639942388144968,35.90802443007324,,,14.95915652346796,9.077963700446974,,,,28079050
2017-05,40.46557222222223,-3.688769444444445,,,,,,14.983631150290384,32.85070672789012,,,11.494027068373567,7.8172007055503,,,,28079050
2017-12,40.46557222222223,-3.688769444444445,,,,,,43.64469967389969,53.67643194186962,120.59997127339061,,12.527356779215724,9.468078881152518,,,,28079050
2017-11,40.46557222222223,-3.688769444444445,,,,,,32.25753819260349,58.161967378944844,107.6118401161289,,14.198754308523196,9.750777045415818,,,,28079050
2017-09,40.46557222222223,-3.688769444444445,,,,,,9.90139964240891,24.46747597595171,,,11.398106096601442,7.547307925793379,,,,28079050
2017-08,40.46557222222223,-3.688769444444445,,,,,,8.823496241602584,27.014581416016668,,,14.152270048402738,7.6043988196254935,,,,28079050
2017-04,40.46557222222223,-3.688769444444445,,,,,,11.053956142407408,29.10136498322087,,,11.088357708627282,7.302877529995837,,,,28079050
2017-01,40.46557222222223,-3.688769444444445,,,,,,48.367297812903786,54.87751982816056,,,17.596659353286746,12.419941955790355,,,,28079050
2017-10,40.46557222222223,-3.688769444444445,,,,,,19.807292303934428,46.85540406110734,77.25381026606651,,13.023256397183777,8.074467284721457,,,,28079050
2017-03,40.46557222222223,-3.688769444444445,,,,,,27.349384771707488,41.01623585613828,,,12.474594502578476,9.135874751967789,,,,28079050
2017-02,40.46557222222223,-3.688769444444445,,,,,,27.725333048341135,43.74504287910891,,,18.814007090557862,10.99118401199706,,,,28079050
2017-07,40.39478055555556,-3.7318527777777777,0.2574626542705043,,0.28497289635005363,0.1891124646372422,,5.693854100723289,30.388899823926607,,65.4660383796626,29.308359824252765,,1.5496731017825764,,1.296977702199138,28079018
2017-06,40.39478055555556,-3.7318527777777777,0.2502910402211596,,0.4905868763161261,0.20509482024202502,,4.7858836484687215,28.437322368031392,,75.45474995464163,30.69091348876587,,1.3434563005445013,,1.1207198059052805,28079018
2017-05,40.39478055555556,-3.7318527777777777,0.2979057398800837,,0.39351379773941975,0.2134942922480676,,5.947254746540924,29.03530713538448,,68.09510636825672,21.447923894236133,,2.7454343304305224,,2.051463616629415,28079018
2017-12,40.39478055555556,-3.7318527777777777,0.7371648689653472,,0.49840089166243806,0.4463538897154051,,47.795423956948,52.4531570015892,125.70799929782862,21.682267700113012,11.293323190358391,,9.060613153597886,,3.209250878413242,28079018
2017-11,40.39478055555556,-3.7318527777777777,0.85532050193316,,0.5375427066945783,0.6345873792071354,,58.5127059431749,61.922663778779324,151.62614083028313,18.40633840366769,21.570942553390505,,7.904376412124776,,5.8864889397507145,28079018
2017-09,40.39478055555556,-3.7318527777777777,0.43791671178423935,,0.19674174516354906,0.27255246201369965,,11.715532034038743,38.715946688630915,,48.23932009212615,16.072339947653166,,3.108282437363576,,3.249887198715613,28079018
2017-08,40.39478055555556,-3.7318527777777777,0.25103521867325607,,0.22798078983313227,0.17863802756632363,,4.107421573686208,26.262497406636136,,66.4194191904345,22.475619237104823,,1.5782826805121237,,1.2207705129098096,28079018
2017-04,40.39478055555556,-3.7318527777777777,0.3014336258889204,,0.44666505946089824,0.1646270608059359,,6.741340355237214,30.591236181135404,,66.87110666438778,24.681297114937014,,7.7986718488019635,,1.4549014463613728,28079018
2017-01,40.39478055555556,-3.7318527777777777,1.100000023841858,,0.5338036325914078,0.20000000298023224,,42.65426637969865,55.13175494918104,,22.005107252294696,25.882655025419517,,7.956960997923444,,13.199999809265137,28079018
2017-10,40.39478055555556,-3.7318527777777777,0.649631536522506,,0.3332315297934578,0.4749411251483356,,28.439634214480254,52.832162103230544,96.38459615174591,29.354062345861742,20.874939677919407,,6.81394806258896,,4.753171214078098,28079018
2017-03,40.39478055555556,-3.7318527777777777,0.5704185512208322,,0.4802284209103825,0.21525720599107667,,16.794397246503433,39.988413599400744,,48.08933444692823,22.704649379530554,,8.477558663467928,,2.784720276774953,28079018
2017-02,40.39478055555556,-3.7318527777777777,0.4984242440968093,,0.5228960416515293,0.19092010610467292,,23.941801216991816,43.91195372372699,,34.39875591265219,34.10018420638652,,7.5677562248547625,,2.6960887272987506,28079018
2017-07,40.46525000000001,-3.6090722222222222,,,,,,3.7843908096107515,20.64693928577592,,71.68728421791637,,,,,,28079059
2017-06,40.46525000000001,-3.6090722222222222,,,,,,3.0462708966662264,18.17292902417647,,79.46006475836167,,,,,,28079059
2017-05,40.46525000000001,-3.6090722222222222,,,,,,2.989030689589867,19.33278717331633,,70.99706882151214,,,,,,28079059
2017-12,40.46525000000001,-3.6090722222222222,,,,,,30.524223450499907,40.98501428351696,87.77581006390905,28.776772937399933,,,,,,28079059
2017-11,40.46525000000001,-3.6090722222222222,,,,,,32.014045638718365,43.829434821099234,92.8661184011901,29.371750399925002,,,,,,28079059
2017-09,40.46525000000001,-3.6090722222222222,,,,,,8.605207213422894,27.865263961424755,,59.71709955400251,,,,,,28079059
2017-08,40.46525000000001,-3.6090722222222222,,,,,,2.8435815258087964,17.64810312571649,,74.40234250701111,,,,,,28079059
2017-04,40.46525000000001,-3.6090722222222222,,,,,,3.771575290337114,19.88771458537178,,74.38763292702421,,,,,,28079059
2017-01,40.46525000000001,-3.6090722222222222,,,,,,22.58367462019226,28.043745007993998,,34.42486660743769,,,,,,28079059
2017-10,40.46525000000001,-3.6090722222222222,,,,,,13.244000659663019,33.77684741382517,54.01261311108038,43.1003143968099,,,,,,28079059
2017-03,40.46525000000001,-3.6090722222222222,,,,,,10.428388277418485,33.26587012379886,,52.62639975741579,,,,,,28079059
2017-02,40.46525000000001,-3.6090722222222222,,,,,,12.258501558058418,31.365768748203372,,42.67282034365262,,,,,,28079059
2017-07,40.51805833333333,-3.774611111111111,,,,,,2.3481984689774658,13.94773884317372,,66.43048425621586,,,,,,28079058
2017-06,40.51805833333333,-3.774611111111111,,,,,,2.3582395713974216,13.691070554893958,,75.35725947874225,,,,,,28079058
2017-05,40.51805833333333,-3.774611111111111,,,,,,2.4122952943826728,11.456199894672757,,71.0678570438595,,,,,,28079058
2017-12,40.51805833333333,-3.774611111111111,,,,,,13.288377957112507,24.439878922647065,44.81746365285678,29.937269588622605,,,,,,28079058
2017-11,40.51805833333333,-3.774611111111111,,,,,,15.036870488764789,29.78871071481757,52.87383663080539,23.96230491404592,,,,,,28079058
2017-09,40.51805833333333,-3.774611111111111,,,,,,2.9197469036366557,16.392646792045905,,60.21223482328392,,,,,,28079058
2017-08,40.51805833333333,-3.774611111111111,,,,,,1.7105953324570866,11.529724064925993,,72.03138116491334,,,,,,28079058
2017-04,40.51805833333333,-3.774611111111111,,,,,,2.483472323769339,11.204544080219273,,67.91308803543933,,,,,,28079058
2017-01,40.51805833333333,-3.774611111111111,,,,,,14.719543140455766,27.781603264195706,,29.730677362893257,,,,,,28079058
2017-10,40.51805833333333,-3.774611111111111,,,,,,5.01100654860303,22.9243638917143,30.61127040786653,42.019518137659894,,,,,,28079058
2017-03,40.51805833333333,-3.774611111111111,,,,,,4.86495300006819,14.859324711805124,,54.696024555930286,,,,,,28079058
2017-02,40.51805833333333,-3.774611111111111,,,,,,6.95473689791002,17.03225673439049,,43.46726318455503,,,,,,28079058
2017-07,40.40794722222222,-3.6453055555555554,,,0.17348587140144267,,,6.882220886374487,35.058985312197365,,,25.30422243214218,,5.22476978811458,,,28079036
2017-06,40.40794722222222,-3.6453055555555554,,,0.17710478760224738,,,5.970424447656315,31.278120138318346,,,24.831062811533606,,8.89740385400617,,,28079036
2017-05,40.40794722222222,-3.6453055555555554,,,0.2128721866476965,,,6.80149910362359,30.287058660819266,,,17.968470946224098,,9.37222774884433,,,28079036
2017-12,40.40794722222222,-3.6453055555555554,,,0.43989701578241447,,,46.25007048661093,55.6966522856352,126.59456641436257,,22.418431238141565,,15.75283941291412,,,28079036
2017-11,40.40794722222222,-3.6453055555555554,,,0.4365082218980047,,,47.611054000140875,61.31027393119546,134.26951684106456,,25.841083630650523,,14.744546389091713,,,28079036
2017-09,40.40794722222222,-3.6453055555555554,,,0.2546603529321674,,,14.949710566389404,44.74500156674724,,,20.795988216900216,,5.465996360777792,,,28079036
2017-08,40.40794722222222,-3.6453055555555554,,,0.1716484321856327,,,5.812452454794781,32.33214348412267,,,28.78850221111368,,5.040727953654382,,,28079036
2017-04,40.40794722222222,-3.6453055555555554,,,0.2717696461463828,,,7.366467480635537,29.20679248188058,,,20.032025155712883,,10.419716973425428,,,28079036
2017-01,40.40794722222222,-3.6453055555555554,,,0.5281228281710723,,,46.08427537119158,53.63265045564236,,,24.515084891701672,,16.2341112571102,,,28079036
2017-10,40.40794722222222,-3.6453055555555554,,,0.26247962832481164,,,20.22231206677979,50.0080282524103,80.99056353561672,,24.077819482877892,,4.2221205560197,,,28079036
2017-03,40.40794722222222,-3.6453055555555554,,,0.3341706169683256,,,18.825341128535943,42.150950904101094,,,20.022107788637083,,11.48799280770742,,,28079036
2017-02,40.40794722222222,-3.6453055555555554,,,0.408406431157142,,,25.70044709389267,43.563927357557816,,,32.56360118854878,,16.160906675779223,,,28079036
2017-07,40.41920833333333,-3.7031722222222223,,,0.30039962508204077,,,11.436965831290873,42.81874039122435,,54.55497992556359,,,10.672400044218804,,,28079035
2017-06,40.41920833333333,-3.7031722222222223,,,0.27977893576933777,,,10.373993304273256,43.317475413266905,,64.21035160038174,,,10.586894237837454,,,28079035
2017-05,40.41920833333333,-3.7031722222222223,,,0.29907216755048543,,,11.16232360301651,40.54077773125997,,59.3307474315108,,,7.66381511746681,,,28079035
2017-12,40.41920833333333,-3.7031722222222223,,,0.2997318727166762,,,39.2429775280974,50.56882022472308,110.71910112361103,10.882022471909245,,,7.845747800586088,,,28079035
2017-11,40.41920833333333,-3.7031722222222223,,,0.3516628255062492,,,67.89800832295717,61.70632795879829,165.80420764460686,9.905457184164085,,,8.472203696913281,,,28079035
2017-09,40.41920833333333,-3.7031722222222223,,,0.3740057714998619,,,14.502716851390504,41.29460108737837,,37.69668017172935,,,14.548625601293429,,,28079035
2017-08,40.41920833333333,-3.7031722222222223,,,0.2771017043077486,,,8.368392214024679,38.709956963287276,,49.29806520940492,,,15.25178344389511,,,28079035
2017-04,40.41920833333333,-3.7031722222222223,,,0.30271513117667503,,,12.500574469371113,41.272238011737734,,56.485429367749106,,,2.638628529962966,,,28079035
2017-01,40.41920833333333,-3.7031722222222223,,,0.5238110131972377,,,53.13521191197031,59.64276860713672,,19.97302639367395,,,8.747892811735706,,,28079035
2017-10,40.41920833333333,-3.7031722222222223,,,0.272214529650475,,,35.698285446794436,64.35037424394413,118.95060086502731,18.586187818847684,,,6.256768043239133,,,28079035
2017-03,40.41920833333333,-3.7031722222222223,,,0.3882973765055709,,,24.687358694325205,46.070252528213324,,41.07233146067195,,,3.3932584269665877,,,28079035
2017-02,40.41920833333333,-3.7031722222222223,,,0.40128253335265635,,,27.40199572344995,49.349899565868064,,29.21345640687225,,,3.815737233672981,,,28079035
2017-07,40.46253055555556,-3.5807472222222216,0.33458410455178383,,,0.28488615520535354,0.07259041070020299,10.0127290814375,36.96906356561936,,,27.848660817243157,,,1.362126620851424,2.038640352579145,28079055
2017-06,40.46253055555556,-3.5807472222222216,0.2370862494215291,,,0.37890848528674625,0.10337050912290174,7.168472534498954,33.18758303236333,,,24.96679739804356,,,1.2812434931328123,1.8987765396278602,28079055
2017-05,40.46253055555556,-3.5807472222222216,0.4105648649948014,,,0.12044782157039786,0.14357576572173833,7.648049693508096,34.60892759303943,,,18.620204565771754,,,1.221662142833495,1.5056303252969563,28079055
2017-12,40.46253055555556,-3.5807472222222216,1.0369228834234216,1.2858159939877318,,0.5157848838394615,0.09319539097234072,56.62867508757755,58.9276309739836,145.72588047451438,,21.63859291273786,,,1.3781087070186502,3.9176402727617448,28079055
2017-11,40.46253055555556,-3.5807472222222216,0.8280068653402536,1.310604265450256,,0.7085486224492213,0.14216769012229497,57.52194802840265,63.62020153156106,151.81559258305464,,24.271860095392682,,,1.4516589137464238,4.100816858229609,28079055
2017-09,40.46253055555556,-3.5807472222222216,0.44531478892072757,,,0.5029010083400615,0.14698111251788049,16.17713418656952,44.886528565784424,,,20.50654483077066,,,1.4647428339848085,2.379200319945452,28079055
2017-08,40.46253055555556,-3.5807472222222216,0.308987407410004,,,0.3421842004620406,0.16165344626757608,7.778592289560101,32.48920358132287,,,28.26890313735482,,,1.3879670295487394,1.7774449768298577,28079055
2017-04,40.46253055555556,-3.5807472222222216,0.3770112586054749,,,0.1244433370788278,0.1701089587988947,9.66670541734398,36.25329118935976,,,20.492131093270224,,,1.2400515189560777,1.121858866995368,28079055
2017-01,40.46253055555556,-3.5807472222222216,0.698801161824763,,,0.25278629519779566,0.2293836548520595,49.84216854010706,56.37329169748321,,,24.23967798834658,,,1.3884456316770504,2.680006508821733,28079055
2017-10,40.46253055555556,-3.5807472222222216,0.6183035519652714,1.3455910322305868,,0.6164650536578397,0.1531826414048265,28.17624807476766,55.989608469726925,99.15978302173781,,23.12739100956745,,,1.497889218996675,3.0031861685130856,28079055
2017-03,40.46253055555556,-3.5807472222222216,0.5409897268878648,,,0.31887608619334945,0.19269905065654214,24.163164502428476,49.03740577405877,,,20.543019235276542,,,1.3098548778545345,2.1145023062052846,28079055
2017-02,40.46253055555556,-3.5807472222222216,0.633266196664522,,,0.3605513277820827,0.19759774580960593,30.216566625245385,49.46540765656429,,,30.222069591138226,,,1.2942823920317694,1.9998967023510374,28079055
